close,high,low,open,volume,timestamp,volume_weighted_average_price,number_of_trades,ticker
91.87,92.4,90.89,92.24,2799903.0,1709269200000,91.707,55238,MMM
83.94,84.0825,82.51,82.54,982041,1709269200000,83.7335,20900,AOS
118.64,119.455,117.83,119.03,3251269.0,1709269200000,118.7307,56562,ABT
178.5,179.19,175.75,176.23,3273420.0,1709269200000,177.8723,65169,ABBV
381,382,375.6,375.6,1788257.0,1709269200000,380.3897,53863,ACN
570.75,572.89,560.67,562.87,2388668.0,1709269200000,567.9422,84278,ADBE
203.1,203.39,192.53,196.3,101494538.0,1709269200000,199.699,961053,AMD
15.47,15.51,14.835,15.49,7103984.0,1709269200000,15.2722,51218,AES
80.43,80.79,80.15,80.56,1845605.0,1709269200000,80.4824,30125,AFL
139.06,139.15,134.67,137.5,1282395.0,1709269200000,138.009,29105,A
236,236.49,232.41,235.47,1033289.0,1709269200000,235.2668,27528,APD
159.49,160.98,156.8106,158.6,4846644.0,1709269200000,159.7676,80082,ABNB
110.24,111.78,109.66,110.92,1859120.0,1709269200000,110.6038,30868,AKAM
140.98,143.19,137.8804,139.99,2955810.0,1709269200000,141.861,60751,ALB
124.27,124.73,121.75,124.72,811643,1709269200000,123.5076,20075,ARE
300.01,304.625,297.24,301.95,551577,1709269200000,300.6204,17505,ALGN
126.8,128,126.48,127.55,1100454.0,1709269200000,127.2103,23531,ALLE
47.73,47.75,46.8,47.75,1510779.0,1709269200000,47.4246,25337,LNT
155.15,158.8,154.62,158.46,1901516.0,1709269200000,155.5639,31507,ALL
137,139,136.91,138.6,27806976.0,1709269200000,137.7618,387248,GOOGL
137.97,140.33,137.91,140.02,24887423.0,1709269200000,138.8684,312683,GOOG
40.86,41.012,40.59,40.91,6647186.0,1709269200000,40.8413,59692,MO
178,178.725,176.04,176.98,28360254.0,1709269200000,177.817,403719,AMZN
9.09,9.12,8.98,9.1,5842398.0,1709269200000,9.0677,30589,AMCR
71.32,71.39,69.8101,71.02,1454632.0,1709269200000,70.9545,25664,AEE
15.66,15.75,15.374,15.67,24448232.0,1709269200000,15.5582,72049,AAL
84.99,85.2,83.03,85.1,7529507.0,1709269200000,84.3074,84033,AEP
218.9,220.67,218.43,220.67,1932309.0,1709269200000,219.6567,47816,AXP
72.84,73.44,72.465,72.89,3832500.0,1709269200000,72.9144,47994,AIG
201.76,202.05,196.15,198.86,3008903.0,1709269200000,199.8176,53789,AMT
119.68,120.37,116.8514,118.98,1549229.0,1709269200000,119.1364,27462,AWK
410.59,410.91,404.04,407.67,357768,1709269200000,408.4266,13164,AMP
180.68,181.41,179.54,180.11,782353,1709269200000,180.6481,16649,AME
279.9117,281.925,274.88,274.9,3330391.0,1709269200000,280.045,68656,AMGN
110.81,110.875,108.95,109.13,1799104.0,1709269200000,110.1474,30850,APH
196.15,197.22,191.62,192.93,2154468.0,1709269200000,195.105,55180,ADI
339.62,341.5,332.12,332.88,419282,1709269200000,339.1369,11745,ANSS
314.23,316.04,311.97,316.04,444229,1709269200000,313.9573,15625,AON
30.45,30.665,29.935,30,5594791.0,1709269200000,30.416,63929,APA
179,181.3,177.38,180.6,68026075.0,1709269200000,178.9821,908722,AAPL
210.68,211.38,202.27,203.56,6211782.0,1709269200000,208.2776,118815,AMAT
79.05,79.67,78.43,79.52,1763419.0,1709269200000,79.1209,29439,APTV
87.17,87.9,86.8,87.3,936721,1709269200000,87.2229,19801,ACGL
54.44,54.92,51.6,52.75,7361336.0,1709269200000,54.2862,83220,ADM
288,288.3999,279.4,279.98,2454940.0,1709269200000,286.656,56558,ANET
243,244.025,242.165,243.71,313285,1709269200000,243.2556,12080,AJG
180.46,181.45,179.5001,181.45,161609,1709269200000,180.4326,5534,AIZ
16.98,17.05,16.81,16.99,24457699.0,1709269200000,16.9759,101027,T
112.73,113.23,111.255,112.62,393098,1709269200000,112.5807,12038,ATO
262.9,285,258.6,278.5,3610318.0,1709269200000,265.9252,71163,ADSK
249.69,252,248.325,252,1444317.0,1709269200000,249.6251,36277,ADP
3035.99,3038.68,2983.09,3005.65,75540,1709269200000,3018.6983,4966,AZO
178.14,178.485,174.455,177.03,657013,1709269200000,177.58,16270,AVB
216.72,217.84,215.05,216,163954,1709269200000,216.9691,6299,AVY
314.16,314.74,301.65,311.3324,772584,1709269200000,309.8631,20451,AXON
29.95,30.13,29.42,29.49,4349296.0,1709269200000,29.93,42981,BKR
64.28,64.35,63.09,64.25,1303856.0,1709269200000,64.0808,24991,BALL
34.3008,34.65,34.035,34.49,34668662.0,1709269200000,34.388,136105,BAC
55.49,56.2,55.27,55.62,2346645.0,1709269200000,55.536,35951,BK
45.68,47.21,44.6844,45.7,3378775.0,1709269200000,46.1046,47144,BBWI
40.5,41.205,40.27,40.93,2226712.0,1709269200000,40.8932,26746,BAX
235.31,236.335,233.41,235.41,1228295.0,1709269200000,235.142,26227,BDX
407,410.39,405.45,410.05,2691444.0,1709269200000,407.1993,91151,BRK.B
78,81.78,77.52,80.88,4489877.0,1709269200000,78.3376,70310,BBY
332.3,335.9843,322.03,324.93,164858,1709269200000,331.9225,7385,BIO
74.38,74.575,72.1,73.48,894777,1709269200000,73.9327,21282,TECH
220.8,222.02,215.35,218.65,885550,1709269200000,220.3792,23599,BIIB
813,815.35,805.214,811.34,329068,1709269200000,811.3139,17918,BLK
128.09,129.24,126.47,127.5,3213991.0,1709269200000,127.7032,51992,BX
200.11,205.06,199.01,204.45,10745937.0,1709269200000,201.3849,152635,BA
3499.73,3511.72,3454.16,3482.55,205410,1709269200000,3485.3392,13827,BKNG
31.15,31.31,30.6775,31.14,2224796.0,1709269200000,31.098,22623,BWA
66.25,66.43,63.75,64.63,1197843.0,1709269200000,65.8262,21238,BXP
67.13,67.4,66.0021,66.21,4679289.0,1709269200000,67.052,56321,BSX
50.8308,51.08,50.44,50.9,9457849.0,1709269200000,50.7662,88909,BMY
1402,1407.76,1306,1310,3913908.0,1709269200000,1379.7493,146503,AVGO
203.74,203.93,201.7281,203.11,310812,1709269200000,203.0262,10905,BR
83.74,84.01,83.15,83.98,705367,1709269200000,83.6827,17932,BRO
60.37,60.8,59.25,59.94,1420176.0,1709269200000,60.4419,26138,BF.B
201.7261,201.7261,194.17,195.73,1369942.0,1709269200000,199.1114,33658,BLDR
92.7,94.75,92.7,94.75,1563689.0,1709269200000,93.5306,33388,BG
315.25,315.78,303,305.74,1568319.0,1709269200000,312.8247,44476,CDNS
43.0929,43.59,42.0375,43.59,2346217.0,1709269200000,42.8102,39161,CZR
95.8,95.87,93.03,94.48,762365,1709269200000,95.2055,14660,CPT
42.65,42.91,42.46,42.88,2243177.0,1709269200000,42.7105,27326,CPB
136.77,138,135.94,138,2010439.0,1709269200000,136.7812,41733,COF
114.99,115,112.26,112.43,2624561.0,1709269200000,113.243,54477,CAH
79.3,79.7741,76.92,79.7741,1082331.0,1709269200000,78.8842,21903,KMX
16.04,16.11,15.65,15.96,21363724.0,1709269200000,15.9324,89895,CCL
56.46,56.53,54.67,55.9,4582690.0,1709269200000,56.0629,42616,CARR
57.0001,57.73,56.02,57.65,2153818.0,1709269200000,57.3203,21293,CTLT
336.7,337.77,333.1,334.26,1375519.0,1709269200000,336.2097,40979,CAT
186.73,192.7,186.73,192.33,877840,1709269200000,188.9994,18238,CBOE
92.98,93.255,90.97,91.89,1282135.0,1709269200000,92.5701,22989,CBRE
238.498,248.86,238.498,248,566466,1709269200000,247.6977,18596,CDW
153.46,153.545,151.28,152,506587,1709269200000,152.8531,14385,CE
237.03,238.605,235.325,236.76,970823,1709269200000,237.4477,26737,COR
77.98,78.43,76.5701,78.06,2256593.0,1709269200000,77.4234,37187,CNC
27.44,27.495,27.055,27.46,2618485.0,1709269200000,27.3512,26528,CNP
82.5,82.84,80.72,80.99,2395730.0,1709269200000,82.179,40985,CF
73.88,74.65,72.642,74.65,1127958.0,1709269200000,73.4206,23314,CHRW
264.38,265.795,250.73,254.15,730561,1709269200000,263.0599,20445,CRL
66.44,66.915,65.7,66.77,6970467.0,1709269200000,66.3255,63998,SCHW
292,296.33,289.82,293,1253387.0,1709269200000,293.2833,29511,CHTR
152.84,154.3499,152.25,152.83,6579146.0,1709269200000,153.2248,112194,CVX
2688.78,2704.99,2679.95,2699.45,115041,1709269200000,2690.8971,7215,CMG
250.62,251.975,249.9,251.25,1199360.0,1709269200000,250.7415,27869,CB
100.28,101,99.12,100.88,697982,1709269200000,100.0181,15961,CHD
332.96,336,330.71,334.9999,1159509.0,1709269200000,332.3763,30523,CI
113.54,114.16,113.13,114,418843,1709269200000,113.6143,13297,CINF
628.36,630.625,618,621.33,192223,1709269200000,627.7388,8170,CTAS
48.2,48.5,47.66,48.37,14331014.0,1709269200000,48.1168,113873,CSCO
55.41,55.95,55.07,55.31,11279052.0,1709269200000,55.5113,85715,C
31.7,31.825,30.54,31.06,4353363.0,1709269200000,31.4697,46597,CFG
152.08,153.3,150.355,152.9,1005302.0,1709269200000,151.9621,24176,CLX
219.21,221.76,217.91,220.25,1174142.0,1709269200000,219.0214,22896,CME
58.14,58.205,56.75,57.37,3635691.0,1709269200000,57.6821,37082,CMS
59.56,60.15,59.34,60.13,9090017.0,1709269200000,59.6069,132855,KO
78.75,79.95,78.53,79.01,2293289.0,1709269200000,78.7489,31416,CTSH
85.63,86.69,85.63,86.51,1873020.0,1709269200000,86.3164,35347,CL
42.6,43.07,42.17,42.68,12604170.0,1709269200000,42.8399,106704,CMCSA
49.51,49.77,47.635,48.95,2580734.0,1709269200000,49.1786,34186,CMA
27.78,28.15,27.76,28.15,2931551.0,1709269200000,27.847,37330,CAG
114.11,115.5287,112.96,113,4478856.0,1709269200000,114.6688,69766,COP
87.01,87.3,85.85,87.3,1221368.0,1709269200000,86.6827,24325,ED
250,250.2,246.11,247.75,1343223.0,1709269200000,248.1848,23525,STZ
171.49,171.8,165.05,168.01,3787772.0,1709269200000,167.7937,64208,CEG
102.19,105.5,97.3001,98.1,2601894.0,1709269200000,101.2151,40237,COO
53.52,53.7,52.67,53.31,3491552.0,1709269200000,53.3225,42122,CPRT
32.45,32.62,32.08,32.29,3264726.0,1709269200000,32.4392,33889,GLW
53.66,54.3402,53.49,53.54,3313407.0,1709269200000,54.027,48618,CTVA
88.38,88.47,86.085,87,1545741.0,1709269200000,87.9603,29456,CSGP
752,752,739.25,748.1,1347548.0,1709269200000,746.9283,65851,COST
26.1,26.195,25.86,25.9,5211212.0,1709269200000,26.012,39728,CTRA
111.29,111.29,108.09,110,2196352.0,1709269200000,110.3244,30829,CCI
38,38.25,37.63,37.89,6680433.0,1709269200000,38.0442,56450,CSX
270.26,272.74,267.69,270.63,1591425.0,1709269200000,270.4914,34724,CMI
73.8397,74.67,73.04,74.3147,6790801.0,1709269200000,73.7457,88065,CVS
255.87,256.375,251.47,252.96,1602648.0,1709269200000,254.5501,40898,DHR
171.29,171.35,169.04,170.62,708651,1709269200000,170.4811,18506,DRI
126.92,127.26,124.7,127.03,746693,1709269200000,126.2252,19660,DVA
367.85,368.82,361.33,365.92,1770435.0,1709269200000,365.4165,46566,DE
42.08,42.4,41.53,42.34,4839985.0,1709269200000,41.98,51795,DAL
33.27,33.525,32.18,33.06,2428921.0,1709269200000,33.1479,27256,XRAY
44.39,44.79,44.075,44.19,8803659.0,1709269200000,44.4428,73031,DVN
121.74,122.23,113.69,115,4058465.0,1709269200000,119.8066,67201,DXCM
185.2,185.78,183.02,183.8,1593626.0,1709269200000,185.0321,35530,FANG
150.8,150.8,146.18,146.53,1970530.0,1709269200000,149.3611,40235,DLR
120.81,121.48,120.43,120.7,1817549.0,1709269200000,120.9244,29604,DFS
149,150.77,143.89,145.7,3413552.0,1709269200000,149.1643,62384,DG
148,149.29,145.01,146.5,1626285.0,1709269200000,148.2564,29848,DLTR
44.85,47.62,44.17,47.62,12758512.0,1709269200000,45.0054,131366,D
447.23,449.48,444.69,448,353880,1709269200000,447.525,13866,DPZ
167.3,167.85,164.905,166.32,904223,1709269200000,167.0028,24276,DOV
55.65,56.23,55.55,55.99,3999938.0,1709269200000,55.8809,47866,DOW
152.85,153.09,148.376,149.44,1737596.0,1709269200000,151.352,34915,DHI
108.11,108.305,106.12,108.03,1132039.0,1709269200000,107.6924,25451,DTE
90.86,91.88,90.09,91.77,2604962.0,1709269200000,90.861,44701,DUK
69.56,69.98,68.86,68.93,1733658.0,1709269200000,69.6023,30256,DD
87.09,88.07,86.91,87.74,590945,1709269200000,87.3104,15371,EMN
292.16,294.435,288.81,289.52,1976874.0,1709269200000,292.8631,44036,ETN
48.0699,48.3,47.06,47.29,7656390.0,1709269200000,47.9841,77351,EBAY
225.51,226.325,222.65,224.09,795410,1709269200000,225.444,20818,ECL
66.55,67.83,66.37,67.78,1651844.0,1709269200000,66.7072,30931,EIX
85.22,85.74,83.61,84.42,2221859.0,1709269200000,85.0837,35320,EW
137.7536,141.28,137.7536,139.08,1406092.0,1709269200000,140.4928,31283,EA
499.11,501.25,492.06,501.25,783580,1709269200000,497.313,23500,ELV
784.8,784.8001,759.6,760.35,3842502.0,1709269200000,777.5061,133300,LLY
108.14,109.18,107.16,107.16,2864265.0,1709269200000,108.182,47827,EMR
129.95,130.92,123.43,127.31,2519946.0,1709269200000,128.3195,49633,ENPH
100.47,101.29,99.6,101.26,1039830.0,1709269200000,100.3026,23224,ETR
116.0001,116.73,114.86,115.34,2522285.0,1709269200000,116.2422,48485,EOG
306.83,307.8089,299.15,301.99,274595,1709269200000,305.2299,7931,EPAM
36.91,37.49,36.82,37.29,4543028.0,1709269200000,37.009,40544,EQT
270.98,272.3,267.82,271.1,720515,1709269200000,270.6275,18639,EFX
900.53,900.74,882.04,886.67,405620,1709269200000,894.8083,15223,EQIX
60.74,60.77,59.19,60.2,2030167.0,1709269200000,60.4405,23685,EQR
234.37,234.47,226.835,229.68,380037,1709269200000,232.0719,11010,ESS
148.89,150.25,144.35,147,1781273.0,1709269200000,148.2713,35915,EL
70,71.71,69.69,71.71,2680922.0,1709269200000,70.4959,43698,ETSY
369.92,370.7987,367.08,368.5,345936,1709269200000,369.3218,7590,EG
49.12,49.6,48.595,49.6,2349068.0,1709269200000,48.9443,32961,EVRG
57.51,59.03,57.5,58.7,2629230.0,1709269200000,58.16,34208,ES
35.21,35.62,34.98,35.39,4056113.0,1709269200000,35.3558,42677,EXC
136.84,137.8,136.22,136.83,1606795.0,1709269200000,137.0712,35919,EXPE
120.64,120.73,118.12,119.54,1392231.0,1709269200000,119.4776,25600,EXPD
143.36,143.57,138.63,141,975732,1709269200000,141.8889,23661,EXR
105.8845,106.39,104.8,104.8,16836626.0,1709269200000,105.9171,177186,XOM
189.97,190.175,186.88,187.42,256793,1709269200000,189.3162,8479,FFIV
461.32,462.95,457.04,461.55,180105,1709269200000,460.3956,6309,FDS
1295.2,1297.63,1263.645,1266.48,76837,1709269200000,1287.7646,4648,FICO
72.82,73.025,72.095,72.9,2807023.0,1709269200000,72.6629,45883,FAST
99.92,100.61,99.31,100.61,440851,1709269200000,99.8329,11557,FRT
246.59,249.18,245.57,248.24,1395500.0,1709269200000,247.2844,33759,FDX
69.21,69.59,68.62,69.21,5986409.0,1709269200000,69.1159,47635,FIS
34.37,34.4,33.48,34.18,3631730.0,1709269200000,34.141,41936,FITB
157.79,161.49,152.69,153.65,2736205.0,1709269200000,158.2345,51178,FSLR
36,36.6,36,36.54,2349561.0,1709269200000,36.3837,26750,FE
150.35,151.14,149.38,150,1825956.0,1709269200000,150.547,34189,FI
276.6,281.42,274.3,280.9,455782,1709269200000,276.9612,12711,FLT
57.49,57.65,55.7,56.01,2458947.0,1709269200000,57.0241,39503,FMC
12.43,12.64,12.32,12.46,45795724.0,1709269200000,12.4672,126933,F
70.41,70.55,68.57,69.26,3904688.0,1709269200000,69.8711,59495,FTNT
85.64,85.86,84.68,84.68,891436,1709269200000,85.4492,20137,FTV
29.42,29.89,29.23,29.79,2576554.0,1709269200000,29.4163,33349,FOXA
26.99,27.52,26.845,27.43,1066840.0,1709269200000,27.0012,15252,FOX
27.42,27.555,27.15,27.41,2262490.0,1709269200000,27.3747,22788,BEN
37.9,38.35,37.6001,37.69,9218676.0,1709269200000,38.046,63972,FCX
137.43,138.39,135.2765,137.35,780824,1709269200000,137.5281,20518,GRMN
471.48,471.64,464.24,464.48,191362,1709269200000,469.3844,7312,IT
92.969,93.06,90.575,91.21,2324107.0,1709269200000,92.4828,37958,GEHC
21.83,21.855,21.3,21.43,1631238.0,1709269200000,21.719,23756,GEN
114.18,114.865,110.04,112.61,782100,1709269200000,113.2909,18353,GNRC
271.98,273.3,271.05,273.3,520131,1709269200000,271.9742,17959,GD
158.7,159.32,156.5003,156.89,6125303.0,1709269200000,158.6717,93317,GE
63.94,64.39,63.43,64.2,2870982.0,1709269200000,63.8965,40286,GIS
40.97,41.8,40.395,40.97,10896382.0,1709269200000,40.9447,84387,GM
149.21,149.49,147.79,148.84,961258,1709269200000,148.9358,23255,GPC
72.29,72.655,71.85,72.06,4340358.0,1709269200000,72.3752,57415,GILD
130.09,132.74,129.59,129.59,2089788.0,1709269200000,130.5765,26742,GPN
126.17,127.37,125.69,126.87,260056,1709269200000,126.2006,8245,GL
388.1,391.04,385.25,387.75,1366995.0,1709269200000,388.0581,39771,GS
35.65,36.2492,35.21,35.29,5103854.0,1709269200000,35.7866,46897,HAL
94.45,95.39,94.35,95.06,955084,1709269200000,94.6466,21815,HIG
50.35,50.835,49.205,50.25,1041671.0,1709269200000,50.2824,22820,HAS
311.98,313.99,308.47,311.59,1061756.0,1709269200000,311.7331,27349,HCA
17.1,17.14,16.49,16.9,8807762.0,1709269200000,16.9963,55176,PEAK
76.88,77.685,76.04,76.47,936984,1709269200000,76.9183,20973,HSIC
188.05,188.5452,185.84,187.86,1111265.0,1709269200000,187.8094,28822,HSY
148.19,149.1,146.22,147,3077633.0,1709269200000,148.0736,49522,HES
15.77,15.79,14.12,14.62,32067328.0,1709269200000,15.4085,141902,HPE
204.88,205.38,202.5,204.32,1059717.0,1709269200000,204.5283,29780,HLT
73.65,74.5,73.165,73.77,1073814.0,1709269200000,73.8864,23588,HOLX
384.4,385.095,379.57,380.65,2284595.0,1709269200000,383.4047,70306,HD
198.5,198.94,196.07,198.5,2185523.0,1709269200000,197.7713,42200,HON
33.3,35.5,33.2,35.5,5900865.0,1709269200000,33.6418,63950,HRL
20.95,20.96,20.575,20.82,2988840.0,1709269200000,20.8824,25601,HST
67,67.24,66.5,66.66,1808107.0,1709269200000,66.9779,31000,HWM
29.61,29.65,28.56,28.69,11728915.0,1709269200000,29.3887,98615,HPQ
384.77,385.345,379.62,380.6,331466,1709269200000,383.5865,12318,HUBB
352.03,352.4807,346.26,350.5,1302428.0,1709269200000,349.8854,35153,HUM
12.92,13,12.685,12.94,16881261.0,1709269200000,12.887,65572,HBAN
292.46,292.9,287.69,290.75,127826,1709269200000,291.541,5021,HII
188.2,188.38,184.5,185.29,3475088.0,1709269200000,187.1861,72552,IBM
239.47,239.93,235.79,236.14,279774,1709269200000,238.6643,9641,IEX
576.87,583.39,560.18,575.23,293756,1709269200000,575.9624,11862,IDXX
260.19,262,258.257,261.74,959709,1709269200000,259.9208,28986,ITW
140.5,142.7,135.47,139.2,1280040.0,1709269200000,140.296,26364,ILMN
59.05,59.66,58.37,58.7,1206229.0,1709269200000,59.1591,23177,INCY
91.52,92.439,90.765,90.94,2140721.0,1709269200000,91.8606,30503,IR
169.25,170.6128,162.01,163.65,1358860.0,1709269200000,168.1773,26141,PODD
43.83,44.2698,43.05,43.56,36403221.0,1709269200000,43.7827,253605,INTC
138.57,138.74,137.22,138.07,1068149.0,1709269200000,138.3501,26749,ICE
75.88,76.09,74.7876,74.89,1627655.0,1709269200000,75.7441,29197,IFF
35.05,35.565,34.97,35.26,2138174.0,1709269200000,35.1743,27724,IP
31.2,31.51,30.865,31.4,2966580.0,1709269200000,31.1256,33484,IPG
668.6,668.88,656.22,662.89,827919,1709269200000,663.1001,33374,INTU
397.9,399.67,382.3201,384.636,1779822.0,1709269200000,394.7057,49640,ISRG
15.53,15.55,15.1,15.41,2512881.0,1709269200000,15.421,25332,IVZ
34.54,34.63,32.37,32.37,2931365.0,1709269200000,34.3181,33351,INVH
252.45,252.95,244,246.48,1003515.0,1709269200000,250.5716,24135,IQV
79.77,81.18,77.765,78.64,2260671.0,1709269200000,79.9546,36291,IRM
203.33,208.69,200.55,205.97,610510,1709269200000,202.7108,18497,JBHT
147.18,148.1399,144.31,144.88,1121830.0,1709269200000,146.8728,27620,JBL
171.96,173.77,171.67,173.77,275348,1709269200000,172.2159,8146,JKHY
146.62,147,145.7,146.65,384834,1709269200000,146.6153,11041,J
161.81,162.57,161.09,161.09,4666137.0,1709269200000,162.1248,94147,JNJ
60.12,60.36,59.11,59.17,3368567.0,1709269200000,60.0098,46443,JCI
185.27,186.44,185,186.07,4776786.0,1709269200000,185.5544,93252,JPM
37.49,37.49,36.905,36.905,2603064.0,1709269200000,37.24,20754,JNPR
54.83,55.447,54.43,55.32,1622730.0,1709269200000,54.7591,25116,K
18.82,19,18.69,18.9,12724564.0,1709269200000,18.845,64249,KVUE
29.28,29.45,28.75,29.18,45351752.0,1709269200000,29.1389,196996,KDP
14.14,14.26,13.85,14.22,12678783.0,1709269200000,14.1425,58759,KEY
157.07,157.4008,153.33,154.37,778645,1709269200000,156.3954,19816,KEYS
122.45,123.07,121,121.7,1971991.0,1709269200000,122.5491,38756,KMB
19.73,19.77,19.415,19.76,5166403.0,1709269200000,19.6442,29327,KIM
17.47,17.5,17.335,17.43,9242212.0,1709269200000,17.4616,41844,KMI
717.9,719.22,686,689.41,852582,1709269200000,709.878,34020,KLAC
35.13,35.44,34.975,35.3,5048842.0,1709269200000,35.1619,46932,KHC
49.05,49.6975,48.61,48.61,4810686.0,1709269200000,49.3621,51389,KR
209.81,212,209.01,212,848474,1709269200000,210.0044,22726,LHX
218.1,218.16,214.53,215.66,642654,1709269200000,216.926,15585,LH
981,982.445,943,943,866081,1709269200000,969.7523,40932,LRCX
102.05,103.76,101.45,101.91,1527272.0,1709269200000,102.7272,27757,LW
51.35,54.38,50.71,54.37,9717322.0,1709269200000,51.4784,103594,LVS
127.44,131.54,126.79,128.56,709249,1709269200000,127.436,18066,LDOS
161.5,161.7492,156.785,158.61,1429949.0,1709269200000,160.0515,34006,LEN
449.21,450.97,447,447.89,1364351.0,1709269200000,448.8425,40909,LIN
97.71,97.71,96.41,97.44,2064500.0,1709269200000,97.1838,23896,LYV
51.98,52.39,51.64,52.16,1039921.0,1709269200000,51.9838,22059,LKQ
426.4,429,424.0001,429,934289,1709269200000,425.9126,36649,LMT
74.43,75.18,74.27,75.07,452059,1709269200000,74.5533,12516,L
244.69,245.09,239.76,240.5,2256929.0,1709269200000,243.333,58807,LOW
458,465.24,457.63,465,1134127.0,1709269200000,460.3958,36765,LULU
99.45,99.69,98.51,99.65,1500953.0,1709269200000,99.3239,29538,LYB
136.95,138.09,134.135,137.96,789567,1709269200000,136.8595,17362,MTB
24.58,24.71,24.29,24.35,8194876.0,1709269200000,24.5953,56207,MRO
172,174.33,170.35,170.35,2374351.0,1709269200000,172.5031,48642,MPC
218.14,222.82,210.19,212.76,352855,1709269200000,217.542,11808,MKTX
249.5,251.16,247.94,249.156,865541,1709269200000,250.0036,24893,MAR
202,202.66,200.9,201.81,1131121.0,1709269200000,201.8471,24879,MMC
589.95,590.02,577.17,577.54,521976,1709269200000,585.4219,18260,MLM
77.6,77.635,76.31,76.76,1197499.0,1709269200000,77.2288,21729,MAS
475.92,477.5,473.29,473.29,1434183.0,1709269200000,475.931,46376,MA
35.63,36.4,35.34,36.04,4601608.0,1709269200000,35.9311,55390,MTCH
67.81,68.9,67.56,68.9,944820,1709269200000,68.0648,17596,MKC
290.3,292.67,289.53,292.5,2548264.0,1709269200000,290.9531,63431,MCD
525.88,531.24,522.74,523.51,714367,1709269200000,526.2183,23484,MCK
83.6,83.845,82.65,83.2,3092587.0,1709269200000,83.4451,47175,MDT
126.78,127.85,126.36,127.2,4728293.0,1709269200000,127.2172,79355,MRK
502.15,504.25,488.4,492.58,14608046.0,1709269200000,500.2696,316303,META
70.33,70.33,69.235,69.75,2318852.0,1709269200000,69.6769,29970,MET
1267.98,1271.295,1223.025,1241.55,108695,1709269200000,1257.2818,5764,MTD
42.9,43.2,42.11,43.19,3602424.0,1709269200000,42.7493,45453,MGM
86.88,87.85,84.26,84.55,4697607.0,1709269200000,86.5194,86868,MCHP
95.99,96.059,90.61,91.35,20674625.0,1709269200000,94.964,249859,MU
414.43,415.87,410.88,413.65,15217702.0,1709269200000,413.8315,389860,MSFT
127.63,127.71,124.31,125.68,665135,1709269200000,126.8156,15598,MAA
95.05,96.88,92.11,92.95,3406824.0,1709269200000,95.2117,57201,MRNA
121.41,122.515,117.78,119.99,862700,1709269200000,121.3408,18887,MHK
387.21,392.29,380.775,392.29,323733,1709269200000,385.5209,12084,MOH
62.13,62.59,61.52,62.38,957621,1709269200000,62.2871,20853,TAP
72.37,72.965,72.155,72.85,4703453.0,1709269200000,72.5118,61317,MDLZ
743.75,751.99,716.59,726.95,469671,1709269200000,738.6698,21208,MPWR
58.5,59.13,58.36,58.99,5511301.0,1709269200000,58.8347,63271,MNST
382.04,383.65,377.51,378.39,442477,1709269200000,380.818,13678,MCO
86.47,86.79,85.11,85.74,4428848.0,1709269200000,86.2171,64545,MS
31.65,31.86,31.27,31.4904,4409093.0,1709269200000,31.6647,42725,MOS
335.56,335.88,330.03,330.88,330605,1709269200000,333.6287,12454,MSI
565.48,567.44,554.766,558.52,178503,1709269200000,562.9784,9029,MSCI
55.6366,56.675,55.515,56.2,1923783.0,1709269200000,56.3166,33731,NDAQ
105,112.48,102.29,102.29,11644259.0,1709269200000,108.4337,154116,NTAP
619.35,620.28,599.5,601.44,3813280.0,1709269200000,612.9673,125889,NFLX
32.11,32.335,30.93,31.44,15580205.0,1709269200000,31.8282,114215,NEM
26.33,26.88,26.23,26.88,3013093.0,1709269200000,26.3888,34732,NWSA
27.4,27.97,27.3097,27.9,781509,1709269200000,27.4914,12816,NWS
55.17,55.62,54.28,55.04,14011010.0,1709269200000,55.0983,107730,NEE
101.94,104.15,101.81,103.84,6440916.0,1709269200000,102.3836,102128,NKE
26.13,26.21,25.71,26,6838451.0,1709269200000,26.0175,39019,NI
266.09,266.57,264.42,265.11,150142,1709269200000,265.4101,6825,NDSN
257.49,257.85,252.85,252.9,785277,1709269200000,256.6539,22760,NSC
82.66,82.8,80.99,82,1099178.0,1709269200000,82.3745,19512,NTRS
454.9,461,453.82,461,761858,1709269200000,455.5585,18681,NOC
19.1712,19.6753,19.06,19.4,11316744.0,1709269200000,19.2252,57971,NCLH
56.71,56.76,55.48,55.48,3665880.0,1709269200000,56.3936,46961,NRG
191.01,195,189.11,192.44,1177749.0,1709269200000,191.6605,30451,NUE
826.5,827.8,794.3503,801.39,46331106.0,1709269200000,813.3817,973750,NVDA
7687.1,7712,7531.02,7531.02,9160,1709269200000,7650.7649,2233,NVR
257.51,259.08,250.29,251.9981,1875270.0,1709269200000,256.0177,52569,NXPI
1085.45,1091.23,1082.13,1085.71,164823,1709269200000,1086.7257,9399,ORLY
61.27,61.595,60.69,60.72,7115955.0,1709269200000,61.2949,69955,OXY
444.28,447.37,438.986,443.56,667584,1709269200000,443.6217,17109,ODFL
88.44,88.67,87.68,88.37,920647,1709269200000,88.2823,18961,OMC
81.2,82.33,78.77,79.41,5422676.0,1709269200000,80.8522,75245,ON
75.18,75.6,74.8058,75.48,2041782.0,1709269200000,75.173,34572,OKE
114,114,111.26,111.26,6745642.0,1709269200000,113.2938,90504,ORCL
95.68,95.83,94.65,95.19,1303071.0,1709269200000,95.3238,26222,OTIS
113.4235,113.7843,111,111,1617451.0,1709269200000,112.8455,36862,PCAR
180.19,182.98,179.41,180.47,392169,1709269200000,180.8037,13347,PKG
300,312.55,296.81,311.85,11001524.0,1709269200000,301.2791,229968,PANW
10.94,11.11,10.81,11.11,14584410.0,1709269200000,10.9556,69177,PARA
537.8,539.06,534.47,535.46,413114,1709269200000,537.1062,17244,PH
122.23,122.65,121.38,122.55,789873,1709269200000,122.2305,21798,PAYX
184.75,184.79,181.0593,182.39,569885,1709269200000,183.6182,18844,PAYC
60.41,61.64,60.19,60.44,16010547.0,1709269200000,60.7547,163044,PYPL
78.33,78.51,77.415,77.955,790267,1709269200000,78.2529,15786,PNR
164.3265,165.92,163.25,165.65,4910734.0,1709269200000,164.1513,95067,PEP
26.58,26.9,26.51,26.74,42308288.0,1709269200000,26.6188,184325,PFE
16.65,16.74,16.345,16.69,9083709.0,1709269200000,16.5375,43798,PCG
89.4247,90.06,88.86,89.96,4279183.0,1709269200000,89.4437,57272,PM
143.7,145,142.72,142.99,1743294.0,1709269200000,144.0861,34133,PSX
68.05,68.435,67.521,68.21,2917513.0,1709269200000,68.048,31592,PNW
236.8,238.43,234,234.01,2058339.0,1709269200000,237.0477,47426,PXD
147.81,148.16,145.28,146.52,1492564.0,1709269200000,147.4747,36135,PNC
403.41,405.61,390.67,398.04,210111,1709269200000,400.816,9746,POOL
139.52,141.95,139.36,140.94,1660148.0,1709269200000,140.111,32711,PPG
26.14,26.33,25.87,26.33,6768418.0,1709269200000,26.0329,44438,PPL
80.05,80.8,79.78,80.33,824827,1709269200000,80.1358,19913,PFG
158.99,159.42,157.61,159.42,3801039.0,1709269200000,158.5851,78700,PG
188.5,190.16,186.94,189.56,2940804.0,1709269200000,187.9449,51786,PGR
134.6,134.73,130.23,132,2155584.0,1709269200000,133.11,44376,PLD
108.01,109.12,107.41,108.84,1137789.0,1709269200000,108.0399,26189,PRU
62.24,62.52,61.48,62.24,2924774.0,1709269200000,62.2419,33188,PEG
187.76,188.75,182.95,183.01,1047776.0,1709269200000,187.3663,23567,PTC
283.24,284.87,279.56,283.02,750192,1709269200000,282.1389,18476,PSA
111.21,111.41,108.05,108.5,1436125.0,1709269200000,110.4942,30822,PHM
119.75,120.255,113.55,113.92,1447729.0,1709269200000,118.8068,30438,QRVO
240,242.54,237.84,238,707473,1709269200000,240.6181,22639,PWR
164,164,158,159,8474768.0,1709269200000,161.7539,137810,QCOM
124.68,124.99,123.66,124.99,880068,1709269200000,124.3159,18092,DGX
184.99,187.96,184.86,186.21,613462,1709269200000,185.83,17119,RL
120.07,120.53,119.275,120.46,784179,1709269200000,119.8047,17130,RJF
89.75,90.04,88.95,89.91,10840178.0,1709269200000,89.706,71247,RTX
52.1,52.27,50.9,52.21,7918213.0,1709269200000,51.6444,124200,O
61.75,62.215,61.15,61.95,848526,1709269200000,61.5649,18043,REG
982.82,988.13,966.09,967.5,253619,1709269200000,982.5488,14788,REGN
18.54,18.66,18.16,18.31,6200865.0,1709269200000,18.5405,46463,RF
183.64,184.07,182.04,182.9,1036927.0,1709269200000,183.2358,25097,RSG
174.61,175.795,170.56,173.25,725158,1709269200000,174.32,17679,RMD
107.12,109.09,105.87,108.74,1042820.0,1709269200000,107.532,22050,RVTY
80.76,80.78,79.5,80.25,448563,1709269200000,80.4405,12959,RHI
289.05,289.63,285,285,691246,1709269200000,288.3653,18092,ROK
44,44.03,43.12,43.87,1648550.0,1709269200000,43.7841,23594,ROL
547.96,549.82,540.6,541.07,631252,1709269200000,546.2456,16345,ROP
149.63,150.1,147.86,147.86,1135732.0,1709269200000,149.5781,28520,ROST
124.26,126.47,122.5,122.7,2394545.0,1709269200000,124.8143,42346,RCL
429.01,432.27,426.985,428,1244375.0,1709269200000,429.4564,33968,SPGI
316.79,318.715,306.6151,309.5,8619894.0,1709269200000,315.6134,162625,CRM
208.29,209.98,205.735,208.67,843973,1709269200000,207.7631,20496,SBAC
49.16,49.715,48.42,48.42,6995183.0,1709269200000,49.3611,67216,SLB
97.2,98.15,93.25,93.99,4806634.0,1709269200000,96.893,56560,STX
69.88,71,69.45,70.81,2333330.0,1709269200000,69.8949,35637,SRE
773.6,778.3023,763.0001,773.27,752548,1709269200000,774.2088,33521,NOW
338.05,338.05,328.95,332.07,1434882.0,1709269200000,334.2146,34552,SHW
150.44,150.7,146.33,148.15,943161,1709269200000,149.1532,24486,SPG
105.82,107.26,104.35,105.6,2053727.0,1709269200000,106.2849,45267,SWKS
122.54,123.605,119.7,121.06,1586465.0,1709269200000,122.3742,33097,SJM
277.3,277.51,273,273,150099,1709269200000,276.3022,5771,SNA
66.6,67.21,65.99,67.21,4021769.0,1709269200000,66.6114,46765,SO
33.95,34.4,33.64,34.3,5735033.0,1709269200000,33.9948,53173,LUV
89.65,90.08,88.6,89.24,789237,1709269200000,89.4583,19527,SWK
93.13,95,92.91,94.68,6849569.0,1709269200000,93.32,116444,SBUX
73.85,74,72.73,73.73,1182804.0,1709269200000,73.6855,26838,STT
133.71,137.7,132.36,134.28,1265337.0,1709269200000,134.6935,30347,STLD
232.77,234.875,232.005,233.44,288525,1709269200000,233.1694,9145,STE
353.22,354.54,347.0786,351.0666,1044540.0,1709269200000,352.7302,25428,SYK
41.05,41.38,40.795,41.13,3463771.0,1709269200000,41.0209,35221,SYF
590.95,592.895,572.56,575.99,830214,1709269200000,586.5377,32351,SNPS
79.96,80.825,79.64,80.81,1854182.0,1709269200000,79.9519,35394,SYY
163.37,163.76,162.02,162.69,2722848.0,1709269200000,163.1352,52425,TMUS
113.48,113.55,111.66,112.81,706336,1709269200000,113.0048,19757,TROW
150.04,150.76,145.5,146.54,1965821.0,1709269200000,149.1162,42217,TTWO
47.1,48.06,47.1,47.61,2653603.0,1709269200000,47.5041,39933,TPR
99.34,99.6,98.6,98.6,1068964.0,1709269200000,99.2841,20015,TRGP
155.29,155.54,152,153.58,3557297.0,1709269200000,154.494,68971,TGT
143.74,144.17,142.32,143.29,1355402.0,1709269200000,143.4268,24874,TEL
425,428.32,423.01,427.27,153610,1709269200000,425.8111,6100,TDY
223,224.65,218,222.35,182302,1709269200000,222.9359,5960,TFX
105.88,106.79,102.76,104.94,1507281.0,1709269200000,105.4095,35806,TER
202.27,204.52,198.5,201.95,80472804.0,1709269200000,201.5613,950549,TSLA
171.05,172.09,167.3,167.99,4032509.0,1709269200000,170.3808,74112,TXN
88.68,89.49,88.195,89.07,817703,1709269200000,88.6064,16976,TXT
576.33,578.5,563,564.56,1276428.0,1709269200000,574.4376,38262,TMO
98.36,99.85,97.91,99.6,6297421.0,1709269200000,98.5632,71557,TJX
252.42,255,250.25,255,787154,1709269200000,252.2672,21647,TSCO
285.98,286.7,281.51,281.88,720816,1709269200000,285.2379,20097,TT
1183.27,1188,1169.94,1178,128471,1709269200000,1180.896,7145,TDG
218.82,221.09,218.39,220.97,810181,1709269200000,219.3356,18783,TRV
62.35,62.39,60.77,61.24,1268328.0,1709269200000,61.9851,24870,TRMB
35.01,35.76,34.55,34.72,13108305.0,1709269200000,35.1893,102513,TFC
440.9,441.76,433.6,436.03,130057,1709269200000,438.9791,5456,TYL
53.21,54.35,53.15,53.96,2095106.0,1709269200000,53.5563,35965,TSN
41.42,41.9,40.93,41.72,7818443.0,1709269200000,41.4468,66442,USB
81.05,81.55,79.31,79.73,16278808.0,1709269200000,80.5244,160471,UBER
35.94,35.96,34.99,35.61,2426780.0,1709269200000,35.6754,27017,UDR
550.11,553.42,543.37,549,470803,1709269200000,548.757,17440,ULTA
252.4,253.69,250.05,253.43,2183381.0,1709269200000,252.5205,38279,UNP
44.76,45.9,44.375,45.5,6342688.0,1709269200000,44.7674,59981,UAL
148.05,148.6,146.84,148.01,2577207.0,1709269200000,147.7339,43151,UPS
700.59,702.68,690.83,693.45,285331,1709269200000,698.2855,11774,URI
486,494.89,477.25,494.11,6625885.0,1709269200000,484.4455,153414,UNH
171.12,171.9,166.04,167.06,581985,1709269200000,170.3792,15709,UHS
142.99,144.14,141.32,141.71,1648582.0,1709269200000,143.1826,33241,VLO
44,44.1,42,42,2235626.0,1709269200000,43.6599,29682,VTR
86.76,87.04,85.7,85.7,691727,1709269200000,86.6585,15753,VLTO
195.23,195.8681,192.67,194.15,488050,1709269200000,194.8527,13106,VRSN
241.65,242.04,239.07,240.23,565979,1709269200000,240.5919,19094,VRSK
40.25,40.29,39.77,40,10232204.0,1709269200000,40.1225,75886,VZ
432.76,433.67,418.01,421.07,841632,1709269200000,430.9938,30375,VRTX
16.2396,16.53,15.785,16.34,7536796.0,1709269200000,16.2871,61815,VFC
12.5217,12.61,12.305,12.36,9566115.0,1709269200000,12.508,43319,VTRS
29.65,29.96,29.11,29.96,8558258.0,1709269200000,29.4226,62291,VICI
282.5,284.91,282.11,283.61,3198210.0,1709269200000,283.2866,82640,V
267.43,268.41,265.74,267.07,584773,1709269200000,267.5321,18886,VMC
82.7,85.3318,82.69,85.3318,645460,1709269200000,83.0035,17087,WRB
142.08,142.275,140.96,141.46,723964,1709269200000,141.7585,16387,WAB
21.45,21.62,20.91,21.24,6646013.0,1709269200000,21.3648,55380,WBA
58.54,58.94,58.2,58.52,16803898.0,1709269200000,58.5752,141126,WMT
111.75,112.145,111.03,111.62,6370058.0,1709269200000,111.7612,111108,DIS
8.69,8.84,8.625,8.84,25283406.0,1709269200000,8.7167,83900,WBD
204.25,205.897,203.39,205.8,1054879.0,1709269200000,205.155,32669,WM
346.04,346.52,330.8222,336.81,357924,1709269200000,343.0146,12527,WAT
78.39,78.49,76.78,78.21,1997568.0,1709269200000,77.8217,35243,WEC
55,55.75,54.8,55.45,15398411.0,1709269200000,55.3034,119584,WFC
92.72,92.81,91.205,92.33,2029120.0,1709269200000,92.1598,31978,WELL
358.72,361.53,353.55,356.35,262728,1709269200000,358.8532,9165,WST
64.73,65,60.11,60.11,15385617.0,1709269200000,63.3877,131222,WDC
45.02,45.67,44.935,45.27,1017505.0,1709269200000,45.223,14670,WRK
34.91,34.96,34.1,34.26,4498949.0,1709269200000,34.6554,35059,WY
105.56,107.64,105,107.05,847396,1709269200000,106.8937,19927,WHR
36.4,36.41,35.9,36.11,7012313.0,1709269200000,36.2349,59770,WMB
271.18,271.96,269.38,271.2,332326,1709269200000,270.7494,10522,WTW
980.9,983.14,972.91,973.12,114860,1709269200000,978.6961,6047,GWW
101,105.15,99.2,104.79,3515651.0,1709269200000,100.8426,52293,WYNN
49.3,52.816,48.98,52.68,17674681.0,1709269200000,49.5633,153403,XEL
127.94,128.16,126.2235,126.69,653266,1709269200000,127.4734,17073,XYL
137.42,138,136.21,138,1425029.0,1709269200000,137.1334,26880,YUM
289.64,289.94,278.75,279.68,338699,1709269200000,287.5819,12636,ZBRA
124.01,124.92,123.635,124.05,587264,1709269200000,124.3059,14691,ZBH
37.9,39.22,37.59,38.8,2411651.0,1709269200000,38.7999,36718,ZION
191.5,197.5,188.49,197.5,3435857.0,1709269200000,191.56,57847,ZTS
